{"GFLOPs": 0.0, "graph": {"_type": "graph-file", "sha256": "3cbe49549ff2a0fbae88357a2fb688a479f9ac7680f8fa8a04b049fd4394c704", "size": 781, "path": "media/graph/graph_summary_3cbe49549ff2a0fbae88.graph.json"}, "epoch": 0, "_timestamp": 1678718320.3801062, "loss": 1.8079477548599243, "accuracy": 0.3640296161174774, "val_loss": 1.5939630270004272, "val_accuracy": 0.41609999537467957, "_runtime": 60.63277530670166, "_step": 0, "best_val_loss": 1.5939630270004272, "best_epoch": 0}